jpg,steering,throttle
0.jpg,1343,1502
1.jpg,1314,1497
2.jpg,1342,1497
3.jpg,1339,1503
4.jpg,1341,1476
5.jpg,1343,1497
6.jpg,1317,1503
7.jpg,1335,1494
8.jpg,1329,1459
9.jpg,1334,1455
10.jpg,1327,1490
11.jpg,1299,1497
12.jpg,1343,1503
13.jpg,1350,1497
14.jpg,1324,1476
15.jpg,1351,1503
16.jpg,1316,1498
17.jpg,1345,1498
18.jpg,1347,1503
19.jpg,1346,1498
20.jpg,1347,1497
21.jpg,1356,1480
22.jpg,1333,1495
23.jpg,1305,1481
24.jpg,1343,1476
25.jpg,1347,1482
26.jpg,1348,1463
27.jpg,1354,1492
28.jpg,1313,1460
29.jpg,1339,1459
30.jpg,1352,1472
31.jpg,1343,1455
32.jpg,1338,1472
33.jpg,1297,1469
34.jpg,1330,1457
35.jpg,1330,1408
36.jpg,1330,1390
37.jpg,1348,1413
38.jpg,1303,1393
39.jpg,1352,1380
40.jpg,1313,1356
41.jpg,1342,1359
42.jpg,1350,1354
43.jpg,1339,1329
44.jpg,1350,1330
45.jpg,1303,1297
46.jpg,1348,1314
47.jpg,1347,1308
48.jpg,1345,1289
49.jpg,1359,1310
50.jpg,1305,1312
51.jpg,1345,1282
52.jpg,1367,1314
53.jpg,1355,1301
54.jpg,1355,1313
55.jpg,1321,1291
56.jpg,1350,1299
57.jpg,1358,1324
58.jpg,1354,1308
59.jpg,1352,1327
60.jpg,1297,1327
61.jpg,1335,1334
62.jpg,1335,1335
63.jpg,1333,1312
64.jpg,1352,1343
65.jpg,1333,1371
66.jpg,1326,1350
67.jpg,1334,1351
68.jpg,1330,1356
69.jpg,1314,1362
70.jpg,1303,1352
71.jpg,1339,1369
72.jpg,1345,1366
73.jpg,1334,1345
74.jpg,1346,1380
75.jpg,1304,1377
76.jpg,1324,1355
77.jpg,1333,1351
78.jpg,1341,1330
79.jpg,1335,1339
80.jpg,1326,1339
81.jpg,1342,1310
82.jpg,1335,1295
83.jpg,1345,1279
84.jpg,1343,1320
85.jpg,1320,1318
86.jpg,1352,1321
87.jpg,1347,1331
88.jpg,1358,1331
89.jpg,1354,1371
90.jpg,1355,1343
91.jpg,1337,1362
92.jpg,1326,1367
93.jpg,1346,1360
94.jpg,1346,1366
95.jpg,1352,1354
96.jpg,1352,1390
97.jpg,1320,1375
98.jpg,1330,1368
99.jpg,1327,1368
100.jpg,1337,1371
101.jpg,1345,1446
102.jpg,1330,1488
103.jpg,1358,1494
104.jpg,1351,1498
105.jpg,1363,1481
106.jpg,1333,1497
107.jpg,1309,1495
108.jpg,1335,1501
109.jpg,1337,1497
110.jpg,1343,1474
111.jpg,1347,1476
112.jpg,1316,1419
113.jpg,1329,1410
114.jpg,1335,1421
115.jpg,1339,1406
116.jpg,1334,1422
117.jpg,1320,1410
118.jpg,1348,1400
119.jpg,1341,1396
120.jpg,1335,1385
121.jpg,1324,1432
122.jpg,1306,1447
123.jpg,1339,1457
124.jpg,1329,1448
125.jpg,1339,1439
126.jpg,1320,1453
127.jpg,1337,1439
128.jpg,1337,1427
129.jpg,1346,1410
130.jpg,1347,1432
131.jpg,1321,1451
132.jpg,1362,1492
133.jpg,1346,1494
134.jpg,1350,1497
135.jpg,1341,1502
136.jpg,1355,1499
137.jpg,1359,1513
138.jpg,1369,1503
139.jpg,1366,1520
140.jpg,1334,1528
141.jpg,1364,1535
142.jpg,1351,1537
143.jpg,1342,1515
144.jpg,1345,1534
145.jpg,1318,1526
146.jpg,1341,1519
147.jpg,1342,1503
148.jpg,1351,1476
149.jpg,1338,1498
150.jpg,1314,1501
151.jpg,1334,1471
152.jpg,1331,1482
153.jpg,1348,1477
154.jpg,1335,1465
155.jpg,1350,1459
156.jpg,1339,1467
157.jpg,1321,1435
158.jpg,1318,1394
159.jpg,1314,1337
160.jpg,1337,1348
161.jpg,1330,1375
162.jpg,1347,1406
163.jpg,1327,1435
164.jpg,1300,1422
165.jpg,1330,1414
166.jpg,1322,1413
167.jpg,1320,1351
168.jpg,1327,1341
169.jpg,1305,1324
170.jpg,1326,1320
171.jpg,1334,1352
172.jpg,1334,1356
173.jpg,1329,1362
174.jpg,1322,1350
175.jpg,1348,1364
176.jpg,1346,1335
177.jpg,1350,1261
178.jpg,1350,1292
179.jpg,1310,1291
180.jpg,1331,1240
181.jpg,1335,1232
182.jpg,1330,1228
183.jpg,1338,1303
184.jpg,1327,1312
185.jpg,1335,1342
186.jpg,1345,1348
187.jpg,1345,1338
188.jpg,1337,1358
189.jpg,1314,1345
190.jpg,1342,1347
191.jpg,1342,1350
192.jpg,1330,1301
193.jpg,1346,1356
194.jpg,1321,1347
195.jpg,1339,1338
196.jpg,1347,1316
197.jpg,1346,1309
198.jpg,1355,1334
199.jpg,1362,1338
200.jpg,1352,1343
201.jpg,1320,1329
202.jpg,1335,1333
203.jpg,1341,1325
204.jpg,1337,1310
205.jpg,1331,1355
206.jpg,1335,1355
207.jpg,1345,1356
208.jpg,1334,1358
209.jpg,1331,1372
210.jpg,1306,1368
211.jpg,1339,1372
212.jpg,1335,1384
213.jpg,1339,1397
214.jpg,1338,1418
215.jpg,1308,1409
216.jpg,1329,1429
217.jpg,1338,1432
218.jpg,1339,1411
219.jpg,1342,1436
220.jpg,1346,1452
221.jpg,1359,1468
222.jpg,1355,1468
223.jpg,1350,1443
224.jpg,1351,1448
225.jpg,1321,1443
226.jpg,1342,1443
227.jpg,1335,1438
228.jpg,1337,1405
229.jpg,1324,1405
230.jpg,1308,1406
231.jpg,1326,1410
232.jpg,1330,1419
233.jpg,1330,1406
234.jpg,1322,1417
235.jpg,1299,1435
236.jpg,1329,1464
237.jpg,1338,1490
238.jpg,1331,1478
239.jpg,1335,1502
240.jpg,1324,1497
241.jpg,1330,1486
242.jpg,1339,1469
243.jpg,1346,1455
244.jpg,1324,1469
245.jpg,1321,1456
246.jpg,1334,1465
247.jpg,1325,1469
248.jpg,1341,1480
249.jpg,1330,1474
250.jpg,1337,1455
251.jpg,1341,1482
252.jpg,1337,1429
253.jpg,1338,1427
254.jpg,1331,1434
255.jpg,1334,1438
256.jpg,1337,1436
257.jpg,1339,1438
258.jpg,1333,1438
259.jpg,1341,1426
260.jpg,1345,1464
261.jpg,1339,1447
262.jpg,1347,1469
263.jpg,1342,1444
264.jpg,1343,1481
265.jpg,1317,1473
266.jpg,1321,1461
267.jpg,1327,1456
268.jpg,1343,1443
269.jpg,1345,1444
270.jpg,1339,1455
271.jpg,1345,1453
272.jpg,1351,1451
273.jpg,1346,1439
274.jpg,1351,1447
275.jpg,1325,1404
276.jpg,1337,1385
277.jpg,1342,1385
278.jpg,1347,1375
279.jpg,1333,1389
280.jpg,1313,1322
281.jpg,1330,1297
282.jpg,1330,1296
283.jpg,1330,1288
284.jpg,1335,1288
285.jpg,1333,1303
286.jpg,1333,1306
287.jpg,1342,1317
288.jpg,1335,1310
289.jpg,1330,1309
290.jpg,1334,1303
291.jpg,1331,1324
292.jpg,1333,1360
293.jpg,1339,1379
294.jpg,1339,1368
295.jpg,1329,1348
296.jpg,1338,1376
297.jpg,1320,1364
298.jpg,1326,1359
299.jpg,1335,1376
300.jpg,1343,1383
301.jpg,1334,1404
302.jpg,1342,1408
303.jpg,1350,1414
304.jpg,1339,1401
305.jpg,1342,1341
306.jpg,1343,1313
307.jpg,1333,1305
308.jpg,1346,1291
309.jpg,1356,1330
310.jpg,1342,1300
311.jpg,1327,1296
312.jpg,1317,1272
313.jpg,1322,1278
314.jpg,1325,1266
315.jpg,1345,1295
316.jpg,1337,1334
317.jpg,1318,1329
318.jpg,1338,1314
319.jpg,1334,1325
320.jpg,1333,1305
321.jpg,1338,1329
322.jpg,1331,1350
323.jpg,1337,1308
324.jpg,1334,1355
325.jpg,1341,1343
326.jpg,1326,1350
327.jpg,1317,1341
328.jpg,1329,1346
329.jpg,1343,1409
330.jpg,1354,1463
331.jpg,1345,1495
332.jpg,1326,1497
333.jpg,1345,1497
334.jpg,1343,1502
335.jpg,1339,1482
336.jpg,1341,1497
337.jpg,1329,1498
338.jpg,1345,1497
339.jpg,1329,1489
340.jpg,1345,1468
341.jpg,1331,1472
342.jpg,1314,1467
343.jpg,1337,1436
344.jpg,1341,1439
345.jpg,1338,1434
346.jpg,1352,1456
347.jpg,1331,1440
348.jpg,1333,1426
349.jpg,1331,1417
350.jpg,1338,1402
351.jpg,1334,1406
352.jpg,1326,1409
353.jpg,1343,1423
354.jpg,1335,1418
355.jpg,1343,1460
356.jpg,1341,1482
357.jpg,1333,1463
358.jpg,1331,1484
359.jpg,1337,1476
360.jpg,1343,1493
361.jpg,1329,1482
362.jpg,1343,1492
363.jpg,1346,1498
364.jpg,1352,1488
365.jpg,1343,1497
366.jpg,1326,1480
367.jpg,1347,1485
368.jpg,1346,1451
369.jpg,1342,1429
370.jpg,1333,1427
371.jpg,1320,1423
372.jpg,1331,1429
373.jpg,1333,1436
374.jpg,1354,1431
375.jpg,1351,1444
376.jpg,1331,1432
377.jpg,1354,1455
378.jpg,1352,1472
379.jpg,1348,1459
380.jpg,1347,1473
381.jpg,1313,1439
382.jpg,1346,1446
383.jpg,1329,1444
384.jpg,1334,1419
385.jpg,1322,1422
386.jpg,1333,1429
387.jpg,1343,1418
388.jpg,1330,1369
389.jpg,1348,1366
390.jpg,1351,1417
391.jpg,1334,1394
392.jpg,1356,1394
393.jpg,1356,1413
394.jpg,1350,1389
395.jpg,1345,1385
396.jpg,1335,1371
397.jpg,1351,1385
398.jpg,1352,1409
399.jpg,1355,1322
400.jpg,1333,1271
401.jpg,1335,1234
402.jpg,1358,1272
403.jpg,1350,1240
404.jpg,1355,1240
405.jpg,1346,1246
406.jpg,1335,1316
407.jpg,1341,1334
408.jpg,1341,1352
409.jpg,1343,1385
410.jpg,1343,1384
411.jpg,1331,1347
412.jpg,1360,1358
413.jpg,1346,1359
414.jpg,1359,1369
415.jpg,1345,1372
416.jpg,1326,1358
417.jpg,1333,1346
418.jpg,1330,1350
419.jpg,1329,1363
420.jpg,1325,1343
421.jpg,1308,1304
422.jpg,1322,1289
423.jpg,1322,1299
424.jpg,1333,1326
425.jpg,1335,1331
426.jpg,1316,1330
427.jpg,1348,1384
428.jpg,1333,1364
429.jpg,1350,1366
430.jpg,1342,1350
431.jpg,1334,1322
432.jpg,1334,1308
433.jpg,1316,1312
434.jpg,1327,1366
435.jpg,1316,1385
436.jpg,1324,1383
437.jpg,1337,1387
438.jpg,1306,1330
439.jpg,1325,1295
440.jpg,1322,1253
441.jpg,1324,1271
442.jpg,1329,1313
443.jpg,1314,1280
444.jpg,1331,1338
445.jpg,1325,1354
446.jpg,1338,1389
447.jpg,1331,1368
448.jpg,1317,1354
449.jpg,1342,1397
450.jpg,1333,1459
451.jpg,1337,1473
452.jpg,1346,1499
453.jpg,1324,1482
454.jpg,1337,1495
455.jpg,1327,1502
456.jpg,1338,1498
457.jpg,1335,1497
458.jpg,1334,1485
459.jpg,1337,1484
460.jpg,1326,1467
461.jpg,1334,1400
462.jpg,1343,1375
463.jpg,1329,1394
464.jpg,1355,1436
465.jpg,1352,1477
466.jpg,1348,1495
467.jpg,1345,1498
468.jpg,1335,1489
469.jpg,1337,1497
470.jpg,1318,1497
471.jpg,1331,1503
472.jpg,1324,1498
473.jpg,1326,1482
474.jpg,1327,1502
475.jpg,1324,1498
476.jpg,1324,1498
477.jpg,1333,1485
478.jpg,1339,1448
479.jpg,1338,1474
480.jpg,1330,1485
481.jpg,1341,1482
482.jpg,1333,1485
483.jpg,1347,1476
484.jpg,1346,1497
485.jpg,1326,1495
486.jpg,1338,1497
487.jpg,1333,1502
488.jpg,1338,1484
489.jpg,1327,1488
490.jpg,1329,1485
491.jpg,1327,1461
492.jpg,1339,1463
493.jpg,1347,1453
494.jpg,1334,1459
495.jpg,1341,1450
496.jpg,1326,1440
497.jpg,1342,1435
498.jpg,1329,1397
499.jpg,1335,1375
500.jpg,1339,1346
501.jpg,1345,1325
502.jpg,1337,1359
503.jpg,1335,1352
504.jpg,1342,1352
505.jpg,1338,1330
506.jpg,1342,1283
507.jpg,1342,1304
508.jpg,1330,1318
509.jpg,1345,1312
510.jpg,1350,1333
511.jpg,1339,1306
512.jpg,1337,1326
513.jpg,1324,1327
514.jpg,1333,1331
515.jpg,1329,1333
516.jpg,1335,1322
517.jpg,1331,1362
518.jpg,1314,1364
519.jpg,1335,1402
520.jpg,1337,1367
521.jpg,1330,1350
522.jpg,1343,1371
523.jpg,1337,1383
524.jpg,1343,1387
525.jpg,1362,1392
526.jpg,1356,1387
527.jpg,1350,1396
528.jpg,1331,1394
529.jpg,1348,1402
530.jpg,1346,1413
531.jpg,1346,1393
532.jpg,1346,1419
533.jpg,1316,1396
534.jpg,1331,1392
535.jpg,1345,1372
536.jpg,1339,1343
537.jpg,1335,1333
538.jpg,1321,1341
539.jpg,1329,1334
540.jpg,1327,1295
541.jpg,1335,1282
542.jpg,1334,1295
543.jpg,1313,1274
544.jpg,1339,1237
545.jpg,1330,1264
546.jpg,1334,1262
547.jpg,1343,1258
548.jpg,1333,1237
549.jpg,1342,1261
550.jpg,1337,1274
551.jpg,1352,1308
552.jpg,1347,1350
553.jpg,1352,1352
554.jpg,1350,1384
555.jpg,1333,1427
556.jpg,1339,1459
557.jpg,1335,1410
558.jpg,1330,1331
559.jpg,1327,1369
560.jpg,1316,1438
561.jpg,1305,1468
562.jpg,1318,1432
563.jpg,1321,1488
564.jpg,1316,1497
565.jpg,1338,1502
566.jpg,1331,1497
567.jpg,1334,1461
568.jpg,1338,1497
569.jpg,1314,1453
570.jpg,1329,1439
571.jpg,1333,1453
572.jpg,1334,1425
573.jpg,1330,1456
574.jpg,1320,1446
575.jpg,1335,1442
576.jpg,1329,1421
577.jpg,1338,1393
578.jpg,1331,1415
579.jpg,1312,1414
580.jpg,1325,1417
581.jpg,1335,1434
582.jpg,1335,1400
583.jpg,1350,1436
584.jpg,1322,1464
585.jpg,1337,1472
586.jpg,1341,1490
587.jpg,1343,1465
588.jpg,1330,1489
589.jpg,1314,1493
590.jpg,1334,1502
591.jpg,1334,1494
592.jpg,1345,1459
593.jpg,1341,1494
594.jpg,1335,1492
595.jpg,1338,1495
596.jpg,1333,1486
597.jpg,1343,1465
598.jpg,1339,1497
599.jpg,1320,1497
600.jpg,1339,1502
601.jpg,1333,1497
602.jpg,1356,1502
603.jpg,1347,1495
604.jpg,1327,1465
605.jpg,1331,1494
606.jpg,1334,1494
607.jpg,1337,1451
608.jpg,1325,1421
609.jpg,1318,1422
610.jpg,1322,1434
611.jpg,1327,1438
612.jpg,1345,1460
613.jpg,1318,1422
614.jpg,1317,1318
615.jpg,1326,1321
616.jpg,1321,1345
617.jpg,1334,1339
618.jpg,1330,1372
619.jpg,1316,1356
620.jpg,1333,1367
621.jpg,1322,1377
622.jpg,1346,1384
623.jpg,1317,1371
624.jpg,1330,1293
625.jpg,1345,1309
626.jpg,1329,1312
627.jpg,1356,1351
628.jpg,1351,1326
629.jpg,1348,1318
630.jpg,1346,1337
631.jpg,1341,1331
632.jpg,1346,1356
633.jpg,1360,1355
634.jpg,1355,1383
635.jpg,1356,1358
636.jpg,1324,1345
637.jpg,1276,1337
638.jpg,1325,1324
639.jpg,1314,1330
640.jpg,1352,1359
641.jpg,1351,1309
642.jpg,1342,1284
643.jpg,1345,1306
644.jpg,1308,1324
645.jpg,1345,1312
646.jpg,1335,1287
647.jpg,1334,1203
648.jpg,1345,1255
649.jpg,1306,1272
650.jpg,1354,1310
651.jpg,1335,1310
652.jpg,1337,1309
653.jpg,1335,1348
654.jpg,1351,1324
655.jpg,1355,1359
656.jpg,1303,1359
657.jpg,1350,1414
658.jpg,1341,1415
659.jpg,1338,1371
660.jpg,1345,1363
661.jpg,1346,1345
662.jpg,1351,1316
663.jpg,1300,1264
664.jpg,1354,1343
665.jpg,1326,1377
666.jpg,1339,1431
667.jpg,1343,1463
668.jpg,1337,1446
669.jpg,1335,1464
670.jpg,1306,1471
671.jpg,1331,1469
672.jpg,1347,1457
673.jpg,1339,1426
674.jpg,1346,1460
675.jpg,1325,1461
676.jpg,1338,1453
677.jpg,1346,1425
678.jpg,1327,1400
679.jpg,1339,1392
680.jpg,1345,1413
681.jpg,1346,1455
682.jpg,1309,1469
683.jpg,1341,1468
684.jpg,1320,1481
685.jpg,1320,1485
686.jpg,1329,1501
687.jpg,1321,1492
688.jpg,1338,1480
689.jpg,1330,1459
690.jpg,1337,1497
691.jpg,1341,1480
692.jpg,1345,1498
693.jpg,1345,1474
694.jpg,1348,1503
695.jpg,1325,1497
696.jpg,1330,1498
697.jpg,1338,1502
698.jpg,1329,1476
699.jpg,1335,1497
700.jpg,1331,1503
701.jpg,1350,1497
702.jpg,1345,1495
703.jpg,1338,1463
704.jpg,1347,1473
705.jpg,1325,1473
706.jpg,1339,1478
707.jpg,1346,1489
708.jpg,1330,1452
709.jpg,1334,1476
710.jpg,1314,1463
711.jpg,1333,1453
712.jpg,1330,1457
713.jpg,1331,1434
714.jpg,1322,1438
715.jpg,1301,1435
716.jpg,1334,1459
717.jpg,1335,1455
718.jpg,1327,1429
719.jpg,1337,1456
720.jpg,1309,1459
721.jpg,1325,1436
722.jpg,1339,1450
723.jpg,1330,1415
724.jpg,1325,1431
725.jpg,1308,1440
726.jpg,1326,1385
727.jpg,1329,1313
728.jpg,1342,1292
729.jpg,1334,1334
730.jpg,1303,1305
731.jpg,1325,1232
732.jpg,1331,1241
733.jpg,1325,1226
734.jpg,1326,1254
735.jpg,1308,1275
736.jpg,1321,1292
737.jpg,1329,1348
738.jpg,1327,1379
739.jpg,1318,1388
740.jpg,1299,1364
741.jpg,1320,1356
742.jpg,1324,1342
743.jpg,1324,1348
744.jpg,1320,1347
745.jpg,1316,1341
746.jpg,1325,1381
747.jpg,1327,1389
748.jpg,1324,1404
749.jpg,1306,1411
750.jpg,1337,1364
751.jpg,1322,1285
752.jpg,1325,1229
753.jpg,1327,1262
754.jpg,1303,1264
755.jpg,1329,1272
756.jpg,1333,1295
757.jpg,1329,1293
758.jpg,1326,1313
759.jpg,1318,1334
760.jpg,1338,1368
761.jpg,1334,1362
762.jpg,1338,1334
763.jpg,1339,1359
764.jpg,1314,1369
765.jpg,1358,1380
766.jpg,1341,1392
767.jpg,1347,1339
768.jpg,1337,1355
769.jpg,1320,1360
770.jpg,1335,1346
771.jpg,1342,1354
772.jpg,1351,1347
773.jpg,1338,1369
774.jpg,1325,1381
775.jpg,1351,1393
776.jpg,1345,1390
777.jpg,1345,1388
778.jpg,1354,1452
779.jpg,1326,1447
780.jpg,1350,1447
781.jpg,1355,1477
782.jpg,1350,1494
783.jpg,1338,1497
784.jpg,1345,1497
785.jpg,1342,1497
786.jpg,1356,1502
787.jpg,1342,1497
788.jpg,1347,1459
789.jpg,1347,1451
790.jpg,1341,1423
791.jpg,1355,1442
792.jpg,1350,1423
793.jpg,1342,1473
794.jpg,1355,1447
795.jpg,1341,1482
796.jpg,1312,1482
797.jpg,1326,1484
798.jpg,1299,1477
799.jpg,1338,1489
800.jpg,1333,1498
801.jpg,1347,1476
802.jpg,1347,1498
803.jpg,1359,1482
804.jpg,1352,1498
805.jpg,1325,1503
806.jpg,1345,1497
807.jpg,1345,1497
808.jpg,1339,1503
809.jpg,1330,1497
810.jpg,1352,1503
811.jpg,1329,1498
812.jpg,1325,1492
813.jpg,1310,1497
814.jpg,1325,1497
815.jpg,1312,1497
816.jpg,1325,1501
817.jpg,1318,1495
818.jpg,1326,1473
819.jpg,1329,1473
820.jpg,1325,1473
821.jpg,1338,1469
822.jpg,1334,1432
823.jpg,1331,1468
824.jpg,1321,1482
825.jpg,1326,1418
826.jpg,1325,1368
827.jpg,1330,1355
828.jpg,1331,1367
829.jpg,1306,1346
830.jpg,1334,1253
831.jpg,1337,1275
832.jpg,1347,1272
833.jpg,1355,1292
834.jpg,1321,1284
835.jpg,1346,1296
836.jpg,1351,1317
837.jpg,1346,1330
838.jpg,1326,1338
839.jpg,1293,1347
840.jpg,1327,1354
841.jpg,1325,1366
842.jpg,1325,1356
843.jpg,1327,1371
844.jpg,1283,1363
845.jpg,1320,1351
846.jpg,1293,1320
847.jpg,1318,1312
848.jpg,1330,1335
849.jpg,1327,1334
850.jpg,1322,1288
851.jpg,1324,1255
852.jpg,1326,1321
853.jpg,1324,1339
854.jpg,1326,1360
855.jpg,1289,1359
856.jpg,1329,1303
857.jpg,1305,1299
858.jpg,1333,1300
859.jpg,1305,1303
860.jpg,1341,1314
861.jpg,1342,1308
862.jpg,1343,1301
863.jpg,1342,1314
864.jpg,1301,1314
865.jpg,1342,1337
866.jpg,1341,1355
867.jpg,1322,1325
868.jpg,1327,1362
869.jpg,1314,1368
870.jpg,1327,1363
871.jpg,1334,1371
872.jpg,1352,1376
873.jpg,1342,1393
874.jpg,1325,1381
875.jpg,1335,1409
876.jpg,1326,1405
877.jpg,1320,1439
878.jpg,1330,1469
879.jpg,1316,1468
880.jpg,1329,1446
881.jpg,1339,1453
882.jpg,1337,1443
883.jpg,1341,1468
884.jpg,1326,1480
885.jpg,1343,1486
886.jpg,1341,1497
887.jpg,1347,1482
888.jpg,1351,1502
889.jpg,1333,1497
890.jpg,1348,1497
891.jpg,1339,1484
892.jpg,1335,1440
893.jpg,1346,1453
894.jpg,1334,1461
895.jpg,1345,1460
896.jpg,1343,1472
897.jpg,1335,1460
898.jpg,1335,1465
899.jpg,1322,1465
900.jpg,1342,1465
901.jpg,1334,1427
902.jpg,1333,1411
903.jpg,1345,1432
904.jpg,1331,1461
905.jpg,1345,1460
906.jpg,1343,1461
907.jpg,1343,1459
908.jpg,1341,1476
909.jpg,1337,1478
910.jpg,1355,1482
911.jpg,1337,1468
912.jpg,1350,1453
913.jpg,1342,1495
914.jpg,1321,1489
915.jpg,1338,1485
916.jpg,1343,1489
917.jpg,1348,1459
918.jpg,1339,1472
919.jpg,1337,1473
920.jpg,1330,1468
921.jpg,1333,1472
922.jpg,1343,1444
923.jpg,1334,1446
924.jpg,1322,1460
925.jpg,1329,1463
926.jpg,1337,1469
927.jpg,1345,1482
928.jpg,1352,1494
929.jpg,1324,1451
930.jpg,1331,1439
931.jpg,1342,1429
932.jpg,1338,1276
933.jpg,1327,1177
934.jpg,1324,1201
935.jpg,1327,1250
936.jpg,1333,1253
937.jpg,1322,1278
938.jpg,1337,1309
939.jpg,1346,1337
940.jpg,1341,1338
941.jpg,1348,1364
942.jpg,1343,1363
943.jpg,1339,1334
944.jpg,1338,1346
945.jpg,1346,1335
946.jpg,1341,1355
947.jpg,1343,1343
948.jpg,1351,1380
949.jpg,1329,1363
950.jpg,1325,1394
951.jpg,1316,1362
952.jpg,1346,1333
953.jpg,1351,1371
954.jpg,1339,1322
955.jpg,1333,1216
956.jpg,1351,1285
957.jpg,1352,1329
958.jpg,1355,1299
959.jpg,1347,1329
960.jpg,1346,1366
961.jpg,1330,1377
962.jpg,1356,1397
963.jpg,1339,1384
964.jpg,1325,1404
965.jpg,1316,1329
966.jpg,1329,1325
967.jpg,1326,1423
968.jpg,1317,1452
969.jpg,1316,1427
970.jpg,1312,1405
971.jpg,1318,1446
972.jpg,1308,1452
973.jpg,1317,1474
974.jpg,1320,1480
975.jpg,1322,1474
976.jpg,1318,1418
977.jpg,1314,1355
978.jpg,1318,1360
979.jpg,1325,1410
980.jpg,1334,1427
981.jpg,1342,1448
982.jpg,1325,1453
983.jpg,1331,1473
984.jpg,1330,1485
985.jpg,1331,1473
986.jpg,1331,1457
987.jpg,1321,1427
988.jpg,1331,1442
989.jpg,1334,1472
990.jpg,1351,1471
991.jpg,1339,1474
992.jpg,1322,1464
993.jpg,1333,1471
994.jpg,1334,1469
995.jpg,1330,1452
996.jpg,1334,1463
997.jpg,1326,1460
998.jpg,1347,1477
999.jpg,1322,1471
1000.jpg,1346,1459
1001.jpg,1342,1469
1002.jpg,1334,1476
1003.jpg,1337,1495
1004.jpg,1312,1477
1005.jpg,1335,1461
1006.jpg,1337,1477
1007.jpg,1325,1468
1008.jpg,1329,1482
1009.jpg,1329,1499
1010.jpg,1345,1482
1011.jpg,1339,1494
1012.jpg,1339,1481
1013.jpg,1335,1471
1014.jpg,1322,1436
1015.jpg,1342,1447
1016.jpg,1320,1446
1017.jpg,1331,1444
1018.jpg,1342,1467
1019.jpg,1322,1439
1020.jpg,1326,1419
1021.jpg,1338,1450
1022.jpg,1343,1436
1023.jpg,1327,1385
1024.jpg,1321,1345
1025.jpg,1333,1367
1026.jpg,1309,1352
1027.jpg,1338,1316
1028.jpg,1330,1278
1029.jpg,1314,1253
1030.jpg,1322,1270
1031.jpg,1314,1275
1032.jpg,1324,1249
1033.jpg,1321,1257
1034.jpg,1333,1261
1035.jpg,1322,1282
1036.jpg,1317,1270
1037.jpg,1327,1327
1038.jpg,1309,1325
1039.jpg,1334,1364
1040.jpg,1325,1366
1041.jpg,1321,1346
1042.jpg,1312,1313
1043.jpg,1317,1268
1044.jpg,1316,1282
1045.jpg,1334,1296
1046.jpg,1331,1321
1047.jpg,1338,1321
1048.jpg,1343,1345
1049.jpg,1334,1338
1050.jpg,1338,1346
1051.jpg,1341,1338
1052.jpg,1331,1321
1053.jpg,1339,1343
1054.jpg,1341,1366
1055.jpg,1339,1348
1056.jpg,1345,1341
1057.jpg,1341,1334
1058.jpg,1334,1345
1059.jpg,1320,1339
1060.jpg,1342,1347
1061.jpg,1338,1362
1062.jpg,1337,1392
1063.jpg,1346,1388
1064.jpg,1337,1392
1065.jpg,1343,1400
1066.jpg,1334,1430
1067.jpg,1335,1427
1068.jpg,1326,1404
1069.jpg,1326,1410
1070.jpg,1327,1401
1071.jpg,1333,1421
1072.jpg,1338,1409
1073.jpg,1341,1426
1074.jpg,1325,1427
1075.jpg,1335,1453
1076.jpg,1342,1457
1077.jpg,1338,1471
1078.jpg,1337,1497
1079.jpg,1322,1497
1080.jpg,1345,1503
1081.jpg,1351,1497
1082.jpg,1338,1482
1083.jpg,1347,1502
1084.jpg,1324,1498
1085.jpg,1341,1497
1086.jpg,1343,1502
1087.jpg,1339,1484
1088.jpg,1333,1497
1089.jpg,1320,1502
1090.jpg,1345,1497
1091.jpg,1337,1495
1092.jpg,1339,1488
1093.jpg,1345,1497
1094.jpg,1325,1497
1095.jpg,1346,1497
1096.jpg,1360,1497
1097.jpg,1341,1482
1098.jpg,1350,1497
1099.jpg,1345,1482
1100.jpg,1345,1486
1101.jpg,1337,1489
1102.jpg,1338,1459
1103.jpg,1306,1442
1104.jpg,1327,1455
1105.jpg,1313,1429
1106.jpg,1324,1429
1107.jpg,1334,1453
1108.jpg,1310,1438
1109.jpg,1320,1435
1110.jpg,1335,1452
1111.jpg,1318,1452
1112.jpg,1327,1461
1113.jpg,1322,1469
1114.jpg,1337,1461
1115.jpg,1331,1450
1116.jpg,1345,1426
1117.jpg,1346,1419
1118.jpg,1326,1390
1119.jpg,1355,1394
1120.jpg,1342,1372
1121.jpg,1337,1327
1122.jpg,1346,1333
1123.jpg,1338,1337
1124.jpg,1352,1327
1125.jpg,1350,1325
1126.jpg,1347,1331
1127.jpg,1338,1341
1128.jpg,1321,1335
1129.jpg,1342,1318
1130.jpg,1322,1313
1131.jpg,1337,1324
1132.jpg,1341,1351
1133.jpg,1331,1359
1134.jpg,1322,1363
1135.jpg,1326,1351
1136.jpg,1321,1360
1137.jpg,1316,1368
1138.jpg,1329,1363
1139.jpg,1308,1325
1140.jpg,1334,1334
1141.jpg,1324,1354
1142.jpg,1343,1359
1143.jpg,1348,1355
1144.jpg,1338,1313
1145.jpg,1354,1325
1146.jpg,1333,1351
1147.jpg,1341,1359
1148.jpg,1324,1346
1149.jpg,1337,1325
1150.jpg,1345,1360
1151.jpg,1324,1373
1152.jpg,1341,1384
1153.jpg,1341,1384
1154.jpg,1327,1318
1155.jpg,1341,1362
1156.jpg,1324,1371
1157.jpg,1326,1331
1158.jpg,1327,1282
1159.jpg,1334,1247
1160.jpg,1337,1317
1161.jpg,1318,1310
1162.jpg,1345,1350
1163.jpg,1326,1335
1164.jpg,1331,1330
1165.jpg,1335,1330
1166.jpg,1326,1264
1167.jpg,1333,1300
1168.jpg,1324,1318
1169.jpg,1318,1310
1170.jpg,1330,1312
1171.jpg,1333,1297
1172.jpg,1331,1331
1173.jpg,1318,1341
1174.jpg,1338,1371
1175.jpg,1326,1406
1176.jpg,1338,1366
1177.jpg,1341,1438
1178.jpg,1316,1430
1179.jpg,1330,1471
1180.jpg,1338,1501
1181.jpg,1341,1497
1182.jpg,1350,1497
1183.jpg,1352,1498
1184.jpg,1320,1498
1185.jpg,1327,1502
1186.jpg,1321,1498
1187.jpg,1317,1474
1188.jpg,1325,1502
1189.jpg,1292,1488
1190.jpg,1334,1469
1191.jpg,1329,1476
1192.jpg,1333,1453
1193.jpg,1331,1463
1194.jpg,1338,1463
1195.jpg,1318,1413
1196.jpg,1335,1394
1197.jpg,1317,1400
1198.jpg,1326,1435
1199.jpg,1333,1432
1200.jpg,1345,1408
1201.jpg,1345,1455
1202.jpg,1306,1468
1203.jpg,1350,1469
1204.jpg,1348,1485
1205.jpg,1348,1465
1206.jpg,1335,1478
1207.jpg,1306,1480
1208.jpg,1347,1482
1209.jpg,1338,1480
1210.jpg,1333,1463
1211.jpg,1334,1476
1212.jpg,1296,1469
1213.jpg,1331,1460
1214.jpg,1314,1473
1215.jpg,1339,1460
1216.jpg,1342,1459
1217.jpg,1352,1457
1218.jpg,1335,1461
1219.jpg,1337,1451
1220.jpg,1341,1438
1221.jpg,1342,1430
1222.jpg,1351,1439
1223.jpg,1356,1405
1224.jpg,1348,1398
1225.jpg,1352,1359
1226.jpg,1345,1379
1227.jpg,1342,1351
1228.jpg,1338,1358
1229.jpg,1347,1350
1230.jpg,1345,1383
1231.jpg,1338,1347
1232.jpg,1335,1376
1233.jpg,1331,1350
1234.jpg,1334,1335
1235.jpg,1329,1321
1236.jpg,1320,1335
1237.jpg,1327,1309
1238.jpg,1330,1376
1239.jpg,1335,1376
1240.jpg,1335,1394
1241.jpg,1326,1335
1242.jpg,1331,1310
1243.jpg,1331,1287
1244.jpg,1321,1313
1245.jpg,1310,1317
1246.jpg,1330,1308
1247.jpg,1335,1310
1248.jpg,1342,1306
1249.jpg,1347,1321
1250.jpg,1310,1312
1251.jpg,1341,1312
1252.jpg,1333,1317
1253.jpg,1341,1291
1254.jpg,1355,1321
1255.jpg,1348,1301
1256.jpg,1345,1303
1257.jpg,1334,1384
1258.jpg,1354,1393
1259.jpg,1341,1392
1260.jpg,1346,1346
1261.jpg,1339,1350
1262.jpg,1318,1343
1263.jpg,1350,1359
1264.jpg,1339,1335
1265.jpg,1337,1308
1266.jpg,1337,1331
1267.jpg,1320,1337
1268.jpg,1338,1339
1269.jpg,1339,1335
1270.jpg,1350,1342
1271.jpg,1341,1351
1272.jpg,1324,1394
1273.jpg,1341,1408
1274.jpg,1334,1419
1275.jpg,1335,1377
1276.jpg,1341,1352
1277.jpg,1318,1348
1278.jpg,1345,1389
1279.jpg,1331,1375
1280.jpg,1335,1368
1281.jpg,1331,1387
1282.jpg,1316,1394
1283.jpg,1339,1402
1284.jpg,1345,1406
1285.jpg,1335,1377
1286.jpg,1356,1406
1287.jpg,1314,1425
1288.jpg,1348,1439
1289.jpg,1346,1461
1290.jpg,1347,1455
1291.jpg,1347,1490
1292.jpg,1331,1503
1293.jpg,1352,1497
1294.jpg,1318,1498
1295.jpg,1339,1502
1296.jpg,1313,1497
1297.jpg,1343,1503
1298.jpg,1337,1497
1299.jpg,1341,1527
1300.jpg,1341,1545
1301.jpg,1342,1537
1302.jpg,1342,1532
1303.jpg,1342,1493
1304.jpg,1331,1498
1305.jpg,1348,1472
1306.jpg,1345,1476
1307.jpg,1339,1415
1308.jpg,1341,1436
1309.jpg,1341,1427
1310.jpg,1347,1465
1311.jpg,1350,1474
1312.jpg,1347,1498
1313.jpg,1324,1503
1314.jpg,1330,1497
1315.jpg,1324,1498
1316.jpg,1330,1480
1317.jpg,1322,1498
1318.jpg,1316,1497
1319.jpg,1343,1497
1320.jpg,1334,1502
1321.jpg,1352,1459
1322.jpg,1338,1464
1323.jpg,1333,1392
1324.jpg,1345,1414
1325.jpg,1342,1322
1326.jpg,1330,1288
1327.jpg,1351,1308
1328.jpg,1345,1377
1329.jpg,1322,1373
1330.jpg,1338,1313
1331.jpg,1339,1306
1332.jpg,1342,1258
1333.jpg,1339,1345
1334.jpg,1306,1372
1335.jpg,1329,1380
1336.jpg,1327,1345
1337.jpg,1324,1243
1338.jpg,1326,1243
1339.jpg,1316,1270
1340.jpg,1346,1310
1341.jpg,1338,1301
1342.jpg,1350,1301
1343.jpg,1334,1341
1344.jpg,1312,1354
1345.jpg,1343,1366
1346.jpg,1343,1364
1347.jpg,1342,1318
1348.jpg,1359,1368
1349.jpg,1334,1385
1350.jpg,1348,1372
1351.jpg,1338,1377
1352.jpg,1345,1335
1353.jpg,1339,1352
1354.jpg,1350,1288
1355.jpg,1350,1301
1356.jpg,1316,1289
1357.jpg,1352,1297
1358.jpg,1321,1304
1359.jpg,1345,1330
1360.jpg,1350,1343
1361.jpg,1337,1325
1362.jpg,1339,1341
1363.jpg,1321,1411
1364.jpg,1339,1405
1365.jpg,1321,1402
1366.jpg,1330,1381
1367.jpg,1331,1417
1368.jpg,1304,1439
1369.jpg,1329,1438
1370.jpg,1299,1413
1371.jpg,1326,1408
1372.jpg,1329,1389
1373.jpg,1329,1363
1374.jpg,1339,1345
1375.jpg,1343,1343
1376.jpg,1346,1322
1377.jpg,1354,1296
1378.jpg,1350,1289
1379.jpg,1346,1297
1380.jpg,1337,1288
1381.jpg,1326,1284
1382.jpg,1341,1354
1383.jpg,1322,1402
1384.jpg,1318,1389
1385.jpg,1303,1421
1386.jpg,1318,1463
1387.jpg,1324,1468
1388.jpg,1334,1431
1389.jpg,1334,1430
1390.jpg,1317,1456
1391.jpg,1339,1472
1392.jpg,1352,1477
1393.jpg,1341,1477
1394.jpg,1352,1472
1395.jpg,1346,1410
1396.jpg,1343,1442
1397.jpg,1325,1502
1398.jpg,1346,1497
1399.jpg,1346,1497
1400.jpg,1343,1482
1401.jpg,1345,1503
1402.jpg,1313,1497
1403.jpg,1326,1497
1404.jpg,1329,1502
1405.jpg,1334,1484
1406.jpg,1341,1514
1407.jpg,1313,1502
1408.jpg,1325,1497
1409.jpg,1330,1497
1410.jpg,1333,1478
1411.jpg,1339,1456
1412.jpg,1331,1393
1413.jpg,1337,1425
1414.jpg,1313,1447
1415.jpg,1330,1460
1416.jpg,1335,1456
1417.jpg,1327,1430
1418.jpg,1331,1446
1419.jpg,1341,1476
1420.jpg,1337,1471
1421.jpg,1316,1430
1422.jpg,1325,1427
1423.jpg,1310,1425
1424.jpg,1331,1430
1425.jpg,1346,1425
1426.jpg,1330,1406
1427.jpg,1347,1440
1428.jpg,1334,1436
1429.jpg,1341,1387
1430.jpg,1346,1318
1431.jpg,1342,1301
1432.jpg,1364,1334
1433.jpg,1367,1347
1434.jpg,1350,1387
1435.jpg,1335,1367
1436.jpg,1345,1363
1437.jpg,1318,1337
1438.jpg,1342,1338
1439.jpg,1359,1366
1440.jpg,1341,1335
1441.jpg,1339,1348
1442.jpg,1329,1347
1443.jpg,1339,1350
1444.jpg,1333,1377
1445.jpg,1351,1404
1446.jpg,1312,1394
1447.jpg,1330,1389
1448.jpg,1342,1342
1449.jpg,1329,1329
1450.jpg,1335,1366
1451.jpg,1333,1380
1452.jpg,1335,1381
1453.jpg,1339,1390
1454.jpg,1342,1380
1455.jpg,1335,1367
1456.jpg,1316,1352
1457.jpg,1339,1354
1458.jpg,1345,1358
1459.jpg,1334,1333
1460.jpg,1356,1331
1461.jpg,1342,1312
1462.jpg,1339,1306
1463.jpg,1327,1299
1464.jpg,1339,1288
1465.jpg,1338,1282
1466.jpg,1335,1288
1467.jpg,1334,1291
1468.jpg,1343,1295
1469.jpg,1341,1300
1470.jpg,1337,1275
1471.jpg,1333,1293
1472.jpg,1354,1295
1473.jpg,1335,1355
1474.jpg,1329,1359
1475.jpg,1329,1393
1476.jpg,1324,1393
1477.jpg,1334,1362
1478.jpg,1329,1364
1479.jpg,1331,1363
1480.jpg,1342,1362
1481.jpg,1335,1389
1482.jpg,1338,1397
1483.jpg,1342,1388
1484.jpg,1334,1400
1485.jpg,1330,1398
1486.jpg,1345,1406
1487.jpg,1322,1397
1488.jpg,1335,1402
1489.jpg,1338,1397
1490.jpg,1338,1369
1491.jpg,1338,1359
1492.jpg,1346,1372
1493.jpg,1341,1390
1494.jpg,1322,1397
1495.jpg,1341,1421
1496.jpg,1335,1439
1497.jpg,1341,1453
1498.jpg,1339,1478
1499.jpg,1322,1482
1500.jpg,1354,1503
1501.jpg,1354,1497
1502.jpg,1345,1484
1503.jpg,1329,1503
1504.jpg,1322,1490
1505.jpg,1341,1532
1506.jpg,1345,1503
1507.jpg,1331,1498
1508.jpg,1329,1484
1509.jpg,1339,1502
1510.jpg,1329,1484
1511.jpg,1347,1498
1512.jpg,1348,1503
1513.jpg,1354,1485
1514.jpg,1341,1497
1515.jpg,1326,1488
1516.jpg,1337,1497
1517.jpg,1324,1482
1518.jpg,1342,1494
1519.jpg,1322,1461
1520.jpg,1339,1448
1521.jpg,1348,1473
1522.jpg,1324,1463
1523.jpg,1339,1472
1524.jpg,1354,1478
1525.jpg,1337,1447
1526.jpg,1355,1471
1527.jpg,1337,1476
1528.jpg,1356,1473
1529.jpg,1333,1467
1530.jpg,1342,1435
1531.jpg,1334,1439
1532.jpg,1312,1393
1533.jpg,1341,1415
1534.jpg,1338,1415
1535.jpg,1331,1364
1536.jpg,1345,1342
1537.jpg,1345,1325
1538.jpg,1334,1346
1539.jpg,1322,1366
1540.jpg,1334,1375
1541.jpg,1327,1268
1542.jpg,1338,1259
1543.jpg,1333,1258
1544.jpg,1320,1242
1545.jpg,1346,1257
1546.jpg,1345,1274
1547.jpg,1342,1284
1548.jpg,1338,1288
1549.jpg,1330,1314
1550.jpg,1339,1364
1551.jpg,1339,1388
1552.jpg,1345,1372
1553.jpg,1341,1383
1554.jpg,1326,1371
1555.jpg,1354,1415
1556.jpg,1329,1393
1557.jpg,1343,1364
1558.jpg,1337,1376
1559.jpg,1326,1367
1560.jpg,1341,1355
1561.jpg,1343,1350
1562.jpg,1343,1354
1563.jpg,1327,1350
1564.jpg,1316,1330
1565.jpg,1338,1325
1566.jpg,1330,1318
1567.jpg,1337,1305
1568.jpg,1341,1288
1569.jpg,1324,1268
1570.jpg,1345,1324
1571.jpg,1348,1341
1572.jpg,1350,1346
1573.jpg,1337,1345
1574.jpg,1333,1327
1575.jpg,1342,1313
1576.jpg,1342,1301
1577.jpg,1347,1316
1578.jpg,1346,1297
1579.jpg,1327,1296
1580.jpg,1362,1329
1581.jpg,1342,1358
1582.jpg,1351,1358
1583.jpg,1354,1358
1584.jpg,1331,1330
1585.jpg,1346,1325
1586.jpg,1337,1326
1587.jpg,1352,1404
1588.jpg,1342,1404
1589.jpg,1322,1410
1590.jpg,1350,1435
1591.jpg,1331,1432
1592.jpg,1338,1427
1593.jpg,1355,1431
1594.jpg,1335,1408
1595.jpg,1333,1381
1596.jpg,1329,1373
1597.jpg,1337,1393
1598.jpg,1339,1429
1599.jpg,1333,1452
1600.jpg,1350,1485
1601.jpg,1329,1492
1602.jpg,1350,1486
1603.jpg,1342,1456
1604.jpg,1331,1405
1605.jpg,1341,1406
1606.jpg,1330,1408
1607.jpg,1342,1400
1608.jpg,1346,1397
1609.jpg,1329,1400
1610.jpg,1345,1406
1611.jpg,1320,1409
1612.jpg,1348,1425
1613.jpg,1346,1457
1614.jpg,1331,1448
1615.jpg,1350,1481
1616.jpg,1330,1493
1617.jpg,1339,1495
1618.jpg,1350,1502
1619.jpg,1331,1482
1620.jpg,1343,1497
1621.jpg,1325,1502
1622.jpg,1348,1498
1623.jpg,1343,1502
1624.jpg,1346,1494
1625.jpg,1352,1505
1626.jpg,1327,1497
1627.jpg,1342,1497
1628.jpg,1346,1485
1629.jpg,1339,1435
1630.jpg,1345,1429
1631.jpg,1330,1432
1632.jpg,1339,1431
1633.jpg,1341,1444
1634.jpg,1348,1427
1635.jpg,1348,1435
1636.jpg,1327,1400
1637.jpg,1352,1400
1638.jpg,1348,1402
1639.jpg,1345,1431
1640.jpg,1338,1495
1641.jpg,1331,1465
1642.jpg,1345,1453
1643.jpg,1324,1459
1644.jpg,1341,1461
1645.jpg,1339,1485
1646.jpg,1326,1471
1647.jpg,1331,1459
1648.jpg,1346,1443
1649.jpg,1338,1396
1650.jpg,1343,1387
1651.jpg,1337,1383
1652.jpg,1333,1362
1653.jpg,1334,1408
1654.jpg,1345,1400
1655.jpg,1339,1394
1656.jpg,1329,1367
1657.jpg,1346,1325
1658.jpg,1345,1300
1659.jpg,1343,1263
1660.jpg,1335,1275
1661.jpg,1334,1293
1662.jpg,1330,1299
1663.jpg,1334,1305
1664.jpg,1341,1297
1665.jpg,1335,1351
1666.jpg,1334,1347
1667.jpg,1363,1373
1668.jpg,1343,1359
1669.jpg,1339,1342
1670.jpg,1343,1360
1671.jpg,1324,1352
1672.jpg,1333,1326
1673.jpg,1335,1293
1674.jpg,1333,1287
1675.jpg,1347,1312
1676.jpg,1337,1314
1677.jpg,1342,1325
1678.jpg,1321,1342
1679.jpg,1352,1377
1680.jpg,1330,1303
1681.jpg,1324,1324
1682.jpg,1350,1345
1683.jpg,1337,1347
1684.jpg,1345,1335
1685.jpg,1351,1372
1686.jpg,1345,1362
1687.jpg,1329,1368
1688.jpg,1320,1360
1689.jpg,1345,1367
1690.jpg,1335,1368
1691.jpg,1347,1317
1692.jpg,1341,1351
1693.jpg,1330,1343
1694.jpg,1338,1346
1695.jpg,1348,1362
1696.jpg,1350,1346
1697.jpg,1355,1377
1698.jpg,1339,1351
1699.jpg,1341,1309
1700.jpg,1339,1305
1701.jpg,1343,1283
1702.jpg,1337,1295
1703.jpg,1320,1288
1704.jpg,1338,1310
1705.jpg,1334,1331
1706.jpg,1331,1312
1707.jpg,1331,1345
1708.jpg,1320,1354
1709.jpg,1321,1372
1710.jpg,1330,1394
1711.jpg,1339,1367
1712.jpg,1335,1455
1713.jpg,1338,1488
1714.jpg,1362,1495
1715.jpg,1339,1495
1716.jpg,1359,1464
1717.jpg,1355,1501
1718.jpg,1334,1492
1719.jpg,1351,1467
1720.jpg,1355,1465
1721.jpg,1354,1427
1722.jpg,1347,1468
1723.jpg,1342,1485
1724.jpg,1339,1467
1725.jpg,1333,1435
1726.jpg,1351,1398
1727.jpg,1342,1431
1728.jpg,1329,1405
1729.jpg,1358,1414
1730.jpg,1348,1400
1731.jpg,1348,1402
1732.jpg,1354,1448
1733.jpg,1335,1451
1734.jpg,1343,1463
1735.jpg,1348,1484
1736.jpg,1348,1446
1737.jpg,1339,1478
1738.jpg,1326,1460
1739.jpg,1347,1481
1740.jpg,1330,1476
1741.jpg,1330,1440
1742.jpg,1342,1484
1743.jpg,1326,1489
1744.jpg,1342,1493
1745.jpg,1351,1490
1746.jpg,1334,1435
1747.jpg,1338,1474
1748.jpg,1337,1494
1749.jpg,1355,1497
1750.jpg,1356,1497
1751.jpg,1359,1473
1752.jpg,1346,1495
1753.jpg,1326,1492
1754.jpg,1352,1501
1755.jpg,1341,1497
1756.jpg,1339,1474
1757.jpg,1351,1501
1758.jpg,1334,1497
1759.jpg,1339,1495
1760.jpg,1341,1489
1761.jpg,1337,1460
1762.jpg,1333,1469
1763.jpg,1320,1467
1764.jpg,1346,1486
1765.jpg,1339,1476
1766.jpg,1331,1440
1767.jpg,1341,1460
1768.jpg,1296,1464
1769.jpg,1326,1457
1770.jpg,1341,1461
1771.jpg,1325,1418
1772.jpg,1321,1426
1773.jpg,1301,1423
1774.jpg,1330,1419
1775.jpg,1317,1396
1776.jpg,1318,1297
1777.jpg,1325,1316
1778.jpg,1309,1313
1779.jpg,1337,1308
1780.jpg,1318,1309
1781.jpg,1335,1356
1782.jpg,1325,1337
1783.jpg,1339,1309
1784.jpg,1333,1337
1785.jpg,1352,1327
1786.jpg,1354,1350
1787.jpg,1310,1341
1788.jpg,1355,1343
1789.jpg,1354,1337
1790.jpg,1326,1292
1791.jpg,1329,1310
1792.jpg,1295,1317
1793.jpg,1327,1309
1794.jpg,1337,1308
1795.jpg,1352,1300
1796.jpg,1345,1326
1797.jpg,1299,1314
1798.jpg,1345,1354
1799.jpg,1333,1362
1800.jpg,1330,1366
1801.jpg,1342,1396
1802.jpg,1306,1389
1803.jpg,1334,1376
1804.jpg,1351,1383
1805.jpg,1339,1345
1806.jpg,1337,1379
1807.jpg,1314,1371
1808.jpg,1342,1368
1809.jpg,1348,1368
1810.jpg,1364,1348
1811.jpg,1350,1377
1812.jpg,1329,1358
1813.jpg,1338,1313
1814.jpg,1347,1304
1815.jpg,1321,1266
1816.jpg,1329,1282
1817.jpg,1308,1292
1818.jpg,1335,1304
1819.jpg,1335,1316
1820.jpg,1356,1325
1821.jpg,1335,1350
1822.jpg,1317,1352
1823.jpg,1338,1355
1824.jpg,1335,1343
1825.jpg,1330,1313
1826.jpg,1334,1346
1827.jpg,1314,1367
1828.jpg,1346,1362
1829.jpg,1339,1359
1830.jpg,1356,1406
1831.jpg,1346,1442
1832.jpg,1325,1463
1833.jpg,1354,1485
1834.jpg,1342,1497
1835.jpg,1348,1476
1836.jpg,1359,1503
1837.jpg,1321,1495
1838.jpg,1334,1480
1839.jpg,1343,1446
1840.jpg,1337,1414
1841.jpg,1337,1435
1842.jpg,1321,1442
1843.jpg,1343,1438
1844.jpg,1342,1435
1845.jpg,1337,1406
1846.jpg,1351,1442
1847.jpg,1309,1435
1848.jpg,1333,1434
1849.jpg,1338,1440
1850.jpg,1334,1417
1851.jpg,1341,1444
1852.jpg,1325,1461
1853.jpg,1339,1464
1854.jpg,1342,1478
1855.jpg,1351,1467
1856.jpg,1346,1497
1857.jpg,1322,1497
1858.jpg,1345,1503
1859.jpg,1338,1495
1860.jpg,1333,1464
1861.jpg,1338,1480
1862.jpg,1313,1478
1863.jpg,1318,1469
1864.jpg,1329,1467
1865.jpg,1333,1442
1866.jpg,1329,1482
1867.jpg,1320,1489
1868.jpg,1339,1476
1869.jpg,1327,1464
1870.jpg,1339,1438
1871.jpg,1337,1467
1872.jpg,1306,1455
1873.jpg,1335,1431
1874.jpg,1338,1432
1875.jpg,1327,1380
1876.jpg,1333,1396
1877.jpg,1309,1414
1878.jpg,1334,1426
1879.jpg,1333,1456
1880.jpg,1342,1464
1881.jpg,1329,1447
1882.jpg,1333,1422
1883.jpg,1337,1450
1884.jpg,1306,1435
1885.jpg,1333,1440
1886.jpg,1343,1460
1887.jpg,1339,1444
1888.jpg,1335,1460
1889.jpg,1316,1459
1890.jpg,1334,1450
1891.jpg,1346,1455
1892.jpg,1348,1421
1893.jpg,1351,1425
1894.jpg,1318,1401
1895.jpg,1345,1380
1896.jpg,1345,1339
1897.jpg,1338,1316
1898.jpg,1347,1343
1899.jpg,1325,1322
1900.jpg,1335,1301
1901.jpg,1343,1261
1902.jpg,1343,1191
1903.jpg,1337,1219
1904.jpg,1317,1238
1905.jpg,1339,1246
1906.jpg,1335,1259
1907.jpg,1339,1233
1908.jpg,1318,1375
1909.jpg,1356,1405
1910.jpg,1345,1427
1911.jpg,1334,1372
1912.jpg,1339,1383
1913.jpg,1318,1387
1914.jpg,1348,1385
1915.jpg,1325,1368
1916.jpg,1350,1373
1917.jpg,1337,1368
1918.jpg,1339,1305
1919.jpg,1333,1301
1920.jpg,1314,1317
1921.jpg,1354,1322
1922.jpg,1343,1352
1923.jpg,1338,1292
1924.jpg,1351,1364
1925.jpg,1329,1375
1926.jpg,1350,1383
1927.jpg,1358,1414
1928.jpg,1348,1379
1929.jpg,1348,1413
1930.jpg,1341,1442
1931.jpg,1347,1436
1932.jpg,1350,1427
1933.jpg,1343,1390
1934.jpg,1342,1435
1935.jpg,1314,1419
1936.jpg,1339,1418
1937.jpg,1341,1406
1938.jpg,1347,1347
1939.jpg,1333,1358
1940.jpg,1326,1394
1941.jpg,1343,1413
1942.jpg,1338,1406
1943.jpg,1345,1396
1944.jpg,1339,1413
1945.jpg,1321,1426
1946.jpg,1348,1435
1947.jpg,1343,1464
1948.jpg,1339,1446
1949.jpg,1329,1459
1950.jpg,1312,1434
1951.jpg,1327,1434
1952.jpg,1342,1464
1953.jpg,1354,1472
1954.jpg,1333,1488
1955.jpg,1322,1489
1956.jpg,1352,1494
1957.jpg,1351,1498
1958.jpg,1355,1482
1959.jpg,1350,1502
1960.jpg,1318,1497
1961.jpg,1352,1497
1962.jpg,1354,1503
1963.jpg,1348,1482
1964.jpg,1333,1497
1965.jpg,1317,1502
1966.jpg,1338,1497
1967.jpg,1339,1497
1968.jpg,1346,1488
1969.jpg,1350,1494
1970.jpg,1316,1497
1971.jpg,1342,1488
1972.jpg,1335,1472
1973.jpg,1337,1459
1974.jpg,1339,1446
1975.jpg,1309,1414
1976.jpg,1337,1388
1977.jpg,1334,1439
1978.jpg,1352,1480
1979.jpg,1326,1472
1980.jpg,1306,1418
1981.jpg,1322,1415
1982.jpg,1326,1418
1983.jpg,1345,1455
1984.jpg,1324,1439
1985.jpg,1335,1453
1986.jpg,1299,1464
1987.jpg,1325,1444
1988.jpg,1291,1443
1989.jpg,1331,1448
1990.jpg,1289,1409
1991.jpg,1326,1390
1992.jpg,1318,1359
1993.jpg,1325,1355
1994.jpg,1330,1367
1995.jpg,1313,1384
1996.jpg,1329,1402
1997.jpg,1316,1418
1998.jpg,1327,1373
1999.jpg,1327,1305
2000.jpg,1335,1247
2001.jpg,1337,1280
2002.jpg,1347,1310
2003.jpg,1347,1334
2004.jpg,1342,1368
2005.jpg,1335,1380
2006.jpg,1324,1364
2007.jpg,1322,1352
2008.jpg,1331,1351
2009.jpg,1338,1342
2010.jpg,1331,1363
2011.jpg,1337,1390
2012.jpg,1358,1410
2013.jpg,1347,1404
2014.jpg,1346,1380
2015.jpg,1339,1388
2016.jpg,1318,1369
2017.jpg,1339,1372
2018.jpg,1341,1376
2019.jpg,1333,1360
2020.jpg,1331,1358
2021.jpg,1338,1383
2022.jpg,1334,1375
2023.jpg,1331,1375
2024.jpg,1338,1354
2025.jpg,1331,1355
2026.jpg,1317,1324
2027.jpg,1342,1320
2028.jpg,1335,1304
2029.jpg,1337,1295
2030.jpg,1345,1321
2031.jpg,1331,1335
2032.jpg,1339,1331
2033.jpg,1342,1329
2034.jpg,1347,1310
2035.jpg,1337,1314
2036.jpg,1329,1284
2037.jpg,1347,1320
2038.jpg,1337,1312
2039.jpg,1338,1297
2040.jpg,1342,1316
2041.jpg,1321,1313
2042.jpg,1334,1301
2043.jpg,1346,1317
2044.jpg,1339,1292
2045.jpg,1329,1313
2046.jpg,1327,1318
2047.jpg,1341,1341
2048.jpg,1333,1351
2049.jpg,1339,1369
2050.jpg,1338,1451
2051.jpg,1318,1468
2052.jpg,1341,1488
2053.jpg,1342,1495
2054.jpg,1345,1482
2055.jpg,1334,1502
2056.jpg,1318,1497
2057.jpg,1330,1497
2058.jpg,1335,1497
2059.jpg,1338,1488
2060.jpg,1327,1497
2061.jpg,1306,1497
2062.jpg,1341,1503
2063.jpg,1337,1498
2064.jpg,1337,1484
2065.jpg,1341,1501
2066.jpg,1321,1460
2067.jpg,1342,1432
2068.jpg,1347,1434
2069.jpg,1346,1421
2070.jpg,1338,1421
2071.jpg,1326,1444
2072.jpg,1343,1465
2073.jpg,1337,1459
2074.jpg,1341,1448
2075.jpg,1354,1478
2076.jpg,1324,1477
2077.jpg,1341,1438
2078.jpg,1341,1427
2079.jpg,1335,1411
2080.jpg,1337,1400
2081.jpg,1318,1380
2082.jpg,1331,1408
2083.jpg,1347,1446
2084.jpg,1339,1456
2085.jpg,1342,1489
2086.jpg,1304,1474
2087.jpg,1325,1446
2088.jpg,1331,1447
2089.jpg,1327,1446
2090.jpg,1333,1438
2091.jpg,1320,1457
2092.jpg,1331,1459
2093.jpg,1337,1465
2094.jpg,1333,1418
2095.jpg,1343,1474
2096.jpg,1329,1465
2097.jpg,1335,1471
2098.jpg,1339,1469
2099.jpg,1358,1471
2100.jpg,1346,1485
2101.jpg,1313,1460
2102.jpg,1327,1459
2103.jpg,1334,1423
2104.jpg,1330,1387
2105.jpg,1348,1325
2106.jpg,1343,1334
2107.jpg,1350,1312
2108.jpg,1342,1324
2109.jpg,1321,1327
2110.jpg,1327,1350
2111.jpg,1334,1299
2112.jpg,1327,1217
2113.jpg,1339,1217
2114.jpg,1339,1293
2115.jpg,1341,1280
2116.jpg,1333,1261
2117.jpg,1330,1222
2118.jpg,1330,1205
2119.jpg,1313,1198
2120.jpg,1326,1208
2121.jpg,1330,1234
2122.jpg,1338,1283
2123.jpg,1324,1421
2124.jpg,1329,1463
2125.jpg,1321,1481
2126.jpg,1331,1492
2127.jpg,1347,1486
2128.jpg,1347,1497
2129.jpg,1325,1482
2130.jpg,1363,1502
2131.jpg,1316,1430
2132.jpg,1335,1397
2133.jpg,1334,1417
2134.jpg,1339,1406
2135.jpg,1342,1406
2136.jpg,1341,1404
2137.jpg,1337,1404
2138.jpg,1329,1414
2139.jpg,1337,1408
2140.jpg,1322,1354
2141.jpg,1326,1325
2142.jpg,1333,1308
2143.jpg,1312,1300
2144.jpg,1334,1333
2145.jpg,1329,1317
2146.jpg,1329,1322
2147.jpg,1329,1291
2148.jpg,1326,1284
2149.jpg,1342,1308
2150.jpg,1337,1296
2151.jpg,1341,1308
2152.jpg,1345,1331
2153.jpg,1313,1310
2154.jpg,1337,1314
2155.jpg,1326,1313
2156.jpg,1326,1306
2157.jpg,1334,1309
2158.jpg,1322,1312
2159.jpg,1337,1335
2160.jpg,1346,1347
2161.jpg,1330,1383
2162.jpg,1329,1402
2163.jpg,1314,1405
2164.jpg,1333,1439
2165.jpg,1313,1443
2166.jpg,1329,1473
2167.jpg,1337,1494
2168.jpg,1316,1467
2169.jpg,1330,1494
2170.jpg,1314,1502
2171.jpg,1329,1497
2172.jpg,1331,1497
2173.jpg,1320,1488
2174.jpg,1338,1484
2175.jpg,1325,1455
2176.jpg,1339,1464
2177.jpg,1318,1453
2178.jpg,1327,1485
2179.jpg,1338,1494
2180.jpg,1324,1473
2181.jpg,1331,1476
2182.jpg,1322,1463
2183.jpg,1330,1443
2184.jpg,1334,1446
2185.jpg,1312,1439
2186.jpg,1329,1451
2187.jpg,1318,1455
2188.jpg,1342,1481
2189.jpg,1350,1486
2190.jpg,1325,1461
2191.jpg,1343,1486
2192.jpg,1341,1489
2193.jpg,1351,1477
2194.jpg,1343,1459
2195.jpg,1330,1446
2196.jpg,1348,1473
2197.jpg,1330,1486
2198.jpg,1348,1498
2199.jpg,1345,1495
2200.jpg,1313,1480
2201.jpg,1338,1485
2202.jpg,1331,1477
2203.jpg,1350,1492
2204.jpg,1359,1498
2205.jpg,1338,1450
2206.jpg,1345,1453
2207.jpg,1337,1421
2208.jpg,1352,1384
2209.jpg,1342,1358
2210.jpg,1345,1299
2211.jpg,1346,1247
2212.jpg,1326,1237
2213.jpg,1339,1264
2214.jpg,1348,1275
2215.jpg,1330,1257
2216.jpg,1329,1156
2217.jpg,1322,1148
2218.jpg,1330,1191
2219.jpg,1337,1305
2220.jpg,1330,1292
2221.jpg,1331,1296
2222.jpg,1310,1338
2223.jpg,1334,1421
2224.jpg,1334,1375
2225.jpg,1329,1317
2226.jpg,1339,1396
2227.jpg,1321,1455
2228.jpg,1333,1461
2229.jpg,1327,1409
2230.jpg,1329,1392
2231.jpg,1329,1355
2232.jpg,1322,1362
2233.jpg,1342,1377
2234.jpg,1342,1358
2235.jpg,1321,1249
2236.jpg,1322,1203
2237.jpg,1338,1225
2238.jpg,1325,1249
2239.jpg,1337,1272
2240.jpg,1325,1339
2241.jpg,1343,1358
2242.jpg,1337,1389
2243.jpg,1339,1396
2244.jpg,1330,1451
2245.jpg,1325,1468
2246.jpg,1342,1498
2247.jpg,1334,1497
2248.jpg,1335,1493
2249.jpg,1346,1531
2250.jpg,1325,1545
2251.jpg,1339,1524
2252.jpg,1343,1503
2253.jpg,1331,1484
2254.jpg,1331,1498
2255.jpg,1318,1511
2256.jpg,1335,1498
2257.jpg,1329,1497
2258.jpg,1330,1482
2259.jpg,1341,1502
2260.jpg,1329,1427
2261.jpg,1341,1367
2262.jpg,1327,1320
2263.jpg,1320,1363
2264.jpg,1330,1429
2265.jpg,1327,1472
2266.jpg,1341,1446
2267.jpg,1345,1457
2268.jpg,1343,1471
2269.jpg,1354,1497
2270.jpg,1337,1501
2271.jpg,1350,1503
2272.jpg,1347,1498
2273.jpg,1348,1467
2274.jpg,1350,1502
2275.jpg,1335,1497
2276.jpg,1342,1497
2277.jpg,1329,1497
2278.jpg,1329,1447
2279.jpg,1326,1444
2280.jpg,1321,1435
2281.jpg,1339,1446
2282.jpg,1330,1447
2283.jpg,1327,1408
2284.jpg,1333,1432
2285.jpg,1313,1387
2286.jpg,1326,1301
2287.jpg,1333,1346
2288.jpg,1324,1345
2289.jpg,1329,1355
2290.jpg,1329,1429
2291.jpg,1327,1474
2292.jpg,1326,1480
2293.jpg,1338,1465
2294.jpg,1343,1498
2295.jpg,1327,1498
2296.jpg,1351,1503
2297.jpg,1341,1489
2298.jpg,1343,1432
2299.jpg,1345,1451
2300.jpg,1331,1447
2301.jpg,1339,1426
2302.jpg,1335,1312
2303.jpg,1348,1288
2304.jpg,1341,1306
2305.jpg,1331,1264
2306.jpg,1342,1195
2307.jpg,1337,1108
2308.jpg,1341,1087
2309.jpg,1346,1096
2310.jpg,1334,1179
2311.jpg,1348,1320
2312.jpg,1350,1380
2313.jpg,1348,1394
2314.jpg,1345,1460
2315.jpg,1331,1415
2316.jpg,1335,1333
2317.jpg,1329,1278
2318.jpg,1341,1264
2319.jpg,1338,1283
2320.jpg,1320,1284
2321.jpg,1329,1279
2322.jpg,1327,1253
2323.jpg,1325,1220
2324.jpg,1325,1262
2325.jpg,1321,1261
2326.jpg,1330,1253
2327.jpg,1337,1242
2328.jpg,1342,1232
2329.jpg,1337,1280
2330.jpg,1318,1267
2331.jpg,1337,1276
2332.jpg,1330,1306
2333.jpg,1337,1299
2334.jpg,1334,1338
2335.jpg,1322,1350
2336.jpg,1325,1342
2337.jpg,1338,1369
2338.jpg,1335,1384
2339.jpg,1329,1417
2340.jpg,1324,1425
2341.jpg,1329,1409
2342.jpg,1330,1408
2343.jpg,1337,1405
2344.jpg,1335,1432
2345.jpg,1316,1447
2346.jpg,1337,1486
2347.jpg,1339,1502
2348.jpg,1350,1502
2349.jpg,1348,1573
2350.jpg,1317,1578
2351.jpg,1339,1535
2352.jpg,1341,1560
2353.jpg,1352,1572
2354.jpg,1343,1545
2355.jpg,1317,1477
2356.jpg,1355,1474
2357.jpg,1345,1443
2358.jpg,1356,1476
2359.jpg,1393,1503
2360.jpg,1473,1481
2361.jpg,1594,1448
2362.jpg,1644,1351
2363.jpg,1725,1488
2364.jpg,1726,1503
2365.jpg,1625,1474
2366.jpg,1507,1510
2367.jpg,1455,1730
2368.jpg,1477,1750
2369.jpg,1414,1749
2370.jpg,1372,1729
2371.jpg,1371,1755
2372.jpg,1350,1750
2373.jpg,1367,1620
2374.jpg,1377,1599
2375.jpg,1367,1623
2376.jpg,1347,1696
2377.jpg,1325,1696
2378.jpg,1358,1703
2379.jpg,1406,1712
2380.jpg,1450,1688
2381.jpg,1429,1713
2382.jpg,1317,1711
2383.jpg,1316,1712
2384.jpg,1338,1719
2385.jpg,1444,1695
2386.jpg,1516,1698
2387.jpg,1510,1686
2388.jpg,1465,1688
2389.jpg,1387,1691
2390.jpg,1366,1690
2391.jpg,1352,1709
2392.jpg,1316,1708
2393.jpg,1338,1703
2394.jpg,1335,1688
2395.jpg,1329,1665
2396.jpg,1329,1687
2397.jpg,1304,1702
2398.jpg,1313,1725
2399.jpg,1309,1742
2400.jpg,1316,1728
2401.jpg,1310,1750
2402.jpg,1288,1750
2403.jpg,1317,1750
2404.jpg,1312,1751
2405.jpg,1312,1728
2406.jpg,1320,1663
2407.jpg,1297,1586
2408.jpg,1316,1539
2409.jpg,1324,1426
2410.jpg,1324,1135
2411.jpg,1322,1240
2412.jpg,1310,1460
2413.jpg,1333,1467
2414.jpg,1326,1482
2415.jpg,1331,1476
2416.jpg,1339,1528
2417.jpg,1320,1545
2418.jpg,1377,1589
2419.jpg,1406,1603
2420.jpg,1405,1587
2421.jpg,1381,1691
2422.jpg,1337,1750
2423.jpg,1338,1750
2424.jpg,1324,1750
2425.jpg,1324,1679
2426.jpg,1318,1560
2427.jpg,1293,1498
2428.jpg,1318,1503
2429.jpg,1316,1497
2430.jpg,1303,1476
2431.jpg,1308,1502
2432.jpg,1293,1474
